SMILES;NAME;IC50
CN(C)CCNC(=O)c1cc2CSc3cc(Cl)ccc3-c2s1;CIL55;2.1469833608994726
CC(C)N1C(=O)S\C(=C\c2ccc(Sc3nc4ccccc4[nH]3)o2)C1=O;BRD4132;1.928618651945252
C(Cn1c2ccccc2c2ccccc12)c1nc2ccccc2[nH]1;BRD6340;4.653960350157523
C1CN(CCO1)c1nnc(-c2ccccc2)c(n1)-c1ccccc1;ML006;6.217005223021913
OC(CN1CCNCC1)Cn1c2ccc(Br)cc2c2cc(Br)ccc12;Bax channel blocker;2.9887076586170265
CC(C)(C)c1ccc2cc(C#N)c(cc2c1)C#N;BRD9876;2.4309783077624445
CC(=CC=CC(=CC(=O)O)C)C=CC1=C(C)CCCC1(C)C;tretinoin;6.456926629122442
CC(=C)[C@@H]1CC[C@@]2(CC[C@]3(C)[C@H](CC[C@@H]4[C@@]5(C)CC[C@H](O)C(C)(C)[C@@H]5CC[C@@]34C)[C@@H]12)C(O)=O;betulinic acid;1.4676439068162137
Oc1ccc(CCC(=O)c2c(O)cc(O)cc2O)cc1;phloretin;5.91052560460263
CC(C)c1c(O)c(O)c(C=O)c2c(O)c(c(C)cc12)-c1c(C)cc2c(C(C)C)c(O)c(O)c(C=O)c2c1O;gossypol;1.617604475100494
OC(=O)CCCc1ccc(cc1)N(CCCl)CCCl;chlorambucil;5.2574953720277815
Fc1c[nH]c(=O)[nH]c1=O;fluorouracil;-0.7264971602414995
Oc1ccc(cc1)\C=C\C(=O)c1ccc(O)cc1O;isoliquiritigenin;2.884241897520628
CN\C(NCCSCc1nc[nH]c1C)=N/C#N;cimetidine;11.938193200374572
Nc1ncn([C@@H]2O[C@H](CO)[C@@H](O)[C@H]2O)c(=O)n1;azacitidine;-5.464608106269464
CN1CCN(CCCN2c3ccccc3Sc3ccc(cc23)C(F)(F)F)CC1;trifluoperazine;2.626116818339524
CC(=O)O[C@@H]1C2=C(C)[C@H](C[C@@](O)([C@@H](OC(=O)c3ccccc3)C3[C@@]4(CO[C@@H]4C[C@H](O)[C@@]3(C)C1=O)OC(C)=O)C2(C)C)OC(=O)[C@H](O)[C@@H](NC(=O)c1ccccc1)c1ccccc1;paclitaxel;-6.989507780854396
O=C1O[Pt]OC(=O)C11CCC1;carboplatin;-1.4296194858582645
COc1cc(cc(OC)c1O)[C@H]1[C@@H]2C(COC2=O)C(O[C@@H]2O[C@@H]3CO[C@H](OC3[C@H](O)[C@H]2O)c2cccs2)c2cc3OCOc3cc12;teniposide;2.932792473780117
CCCc1nn(C)c2C(=O)NC(=Nc12)c3cc(ccc3OCC)S(=O)(=O)N4CCN(C)CC4;sildenafil;1.6544112780768316
CCC(C)(C)C(=O)O[C@H]1C[C@@H](C)C=C2C=C[C@H](C)[C@H](CC[C@@H]3C[C@@H](O)CC(=O)O3)[C@@H]12;simvastatin;6.795593912093807
CCCCc1ccc2[nH]c(NC(=O)OC)nc2c1;parbendazole;-2.7309094952482926
CNNCc1ccc(cc1)C(=O)NC(C)C;procarbazine;-0.7166205367455875
COc1cc(C=CC(=O)CC(=O)C=Cc2ccc(O)c(OC)c2)ccc1O;curcumin;3.0525850851467737
Cc1cc(C2CCCCC2)n(O)c(=O)c1;ciclopirox;0.7304429653036423
Oc1cc(O)c2C[C@@H](OC(=O)c3cc(O)c(O)c(O)c3)[C@H](Oc2c1)c1cc(O)c(O)c(O)c1;epigallocatechin-3-monogallate;5.187385805840755
CN(Cc1cnc2nc(N)nc(N)c2n1)c1ccc(cc1)C(=O)N[C@@H](CCC(O)=O)C(O)=O;methotrexate;-4.87475042307589
CCC(C)C(=O)OC1CC(C)C=C2C=CC(C)C(CCC(O)CC(O)CC(O)=O)C12;lovastatin;1.9581210064432804
Cc1onc(c1-c1ccc(cc1)S(N)(=O)=O)-c1ccccc1;valdecoxib;4.882801922586371
CN(C)\N=N\c1[nH]cnc1C(N)=O;dacarbazine;-6.714658649020224
Oc1ccc(Cl)cc1C(=O)Nc1ccc(cc1Cl)[N+]([O-])=O;niclosamide;0.5527350268432004
CN1CCN(CCCN2c3ccccc3Sc3ccc(Cl)cc23)CC1;prochlorperazine;2.7985001040242823
ClCCNP1(=O)OCCCN1CCCl;ifosfamide;6.531460548173753
COc1cccc2C(=O)c3c(O)c4C[C@](O)(C[C@H](O[C@H]5C[C@H](N)[C@H](O)[C@H](C)O5)c4c(O)c3C(=O)c12)C(=O)CO;doxorubicin;-2.711455994237043
C[C@@H]1O[C@@H](O[C@H]2C[C@@H](O)[C@]3(CO)[C@H]4[C@H](O)C[C@]5(C)[C@H](CC[C@]5(O)[C@@H]4CC[C@]3(O)C2)C2=CC(=O)OC2)[C@H](O)[C@H](O)[C@H]1O;ouabain;-1.195013062954464
COc1ccc(cc1)N(C(=O)c1ccccc1)S(=O)(=O)c1cc(OC)ccc1OC;BRD9647;4.46118433545971
COc1cc(cc(OC)c1OC)\C=C\C(=O)N1CCC=CC1=O;piperlongumine;2.089020516460159
COc1cc(CCC(=O)N2CCC=CC2=O)cc(OC)c1OC;BRD-K26531177;3.224460203162101
CCN(CC)CCCC(C)Nc1nc(C)cc(Nc2ccc3nc(C)cc(N)c3c2)n1;NSC23766;7.160069207596127
O=C1c2ccccc2-c2n[nH]c3cccc1c23;pyrazolanthrone;3.038791763014438
CCCCCCCCCCCCC\C=C\[C@@H](O)[C@H](CO)NC(=O)CCCCC;C6-ceramide;2.8201877010390604
CC[C@@]1(O)C(=O)OCc2c1cc1-c3nc4ccc(O)c(CN(C)C)c4cc3Cn1c2=O;topotecan;3.622739651609391
CC(C)n1cnc2c(NCc3ccccc3)nc(NCCO)nc12;N9-isopropylolomoucine;3.7421832261362473
CC(Nc1nc(nc2ccccc12)N1CCCC1)c1ccccc1;importazole;3.254242968705492
COc1cc(cc(OC)c1O)[C@H]1[C@@H]2[C@H](COC2=O)[C@H](O[C@@H]2O[C@@H]3CO[C@@H](C)O[C@H]3[C@H](O)[C@H]2O)c2cc3OCOc3cc12;etoposide;0.7575294394892135
OCC1(CO)N2CCC(CC2)C1=O;PRIMA-1;4.5205922095127935
CO[C@H]1C[C@H](C)CC2=C(NCC=C)C(=O)C=C(NC(=O)\C(C)=C\C=C/[C@H](OC)[C@@H](OC(N)=O)\C(C)=C\[C@H](C)[C@H]1O)C2=O;tanespimycin;-0.5532113402624287
C[C@H]1[C@H]2[C@H](Cc3ccccc3)NC(=O)[C@]22OC(=O)\C=C\[C@H](O)CCC[C@@H](C)C\C=C\[C@H]2[C@H](O)C1=C;cytochalasin B;8.318498320504338
OCCSC1=C(SCCO)C(=O)c2ccccc2C1=O;NSC95397;2.33214389523559
CCCC[C@@H](C)\C=C(C)\C=C(/C)C(=O)NC1=C[C@@](O)(\C=C\C=C\C=C\C(=O)NC2C(=O)CCC2=O)[C@@H]2O[C@@H]2C1=O;manumycin A;2.688527534613346
CO[C@]12[C@H]3N[C@H]3CN1C1=C([C@H]2COC(N)=O)C(=O)C(N)=C(C)C1=O;mitomycin;2.482403519569882
Cc1ccc(cc1)C(=O)Cn1c2CCCCc2sc1=N;pifithrin-alpha;4.99991133073328
NC(=O)c1ccc(cc1)-c1nc(c([nH]1)-c1ccccn1)-c1ccc2OCOc2c1;SB-431542;3.2276373305367736
CN[C@@H]1C[C@H]2O[C@@](C)([C@@H]1OC)n1c3ccccc3c3c4CNC(=O)c4c4c5ccccc5n2c4c13;staurosporine;0.001998002662673
Oc1cc(ccc1NC(=O)Nc1ccccc1Br)[N+]([O-])=O;SB-225002;0.9700210542951228
COc1cc2ncnc(Nc3cccc(Br)c3)c2cc1OC;PD 153035;0.6724341389624038
C\C=C\C\C=C\CCC(=O)[C@H]1O[C@H]1C(N)=O;cerulenin;2.770711962226921
C1CCC(CC1)n1cnc2c(Nc3ccc(cc3)N3CCOCC3)nc(Oc3cccc4ccccc34)nc12;purmorphamine;1.9391732211168808
O\N=C1/C(Nc2ccccc12)=C1/C(=O)Nc2cc(Br)ccc12;GSK-3 inhibitor IX;2.543961412569315
Cc1nc(Nc2ncc(s2)C(=O)Nc2c(C)cccc2Cl)cc(n1)N1CCN(CCO)CC1;dasatinib;1.7998929691247771
COc1cc2ncnc(Nc3ccc(F)c(Cl)c3)c2cc1OCCCN1CCOCC1;gefitinib;0.927823967687828
COCCOc1cc2ncnc(Nc3cccc(c3)C#C)c2cc1OCCOC;erlotinib;-1.867561182644337
COCCOC(=O)N1C(=O)[C@]2([C@@H]([C@@H]3N([C@@H]2c2ccccc2OCCO)[C@H]([C@H](OC3=O)c2ccccc2)c2ccccc2)C(=O)NCC=C)c2cc(ccc12)C#CCC(C(=O)OC)C(=O)OC;BRD-K94991378;7.014814351275545
COc1cc2nc(nc(NC3CCN(Cc4ccccc4)CC3)c2cc1OC)N1CCCN(C)CC1;BIX-01294;2.2968687859979364
CC(=O)Nc1ccc(cc1)C(=O)Nc1ccccc1N;tacedinaline;3.3991953789914824
Cc1[nH]c2ccccc2c1CCNCc1ccc(\C=C\C(=O)NO)cc1;LBH-589;-4.064009362426027
Cc1ccccc1-n1c(Cn2cnc3c(N)ncnc23)nc2cccc(C)c2c1=O;IC-87114;-1.3171415024315738
CCC1NC(=O)C([C@H](O)[C@H](C)C\C=C\C)N(C)C(=O)C(C(C)C)N(C)C(=O)C(CC(C)C)N(C)C(=O)C(CC(C)C)N(C)C(=O)[C@@H](C)NC(=O)C(C)NC(=O)C(CC(C)C)N(C)C(=O)C(NC(=O)C(CC(C)C)N(C)C(=O)CN(C)C1=O)C(C)C;ciclosporin;1.551808799597464
ONC(=O)CCCCCCC(=O)Nc1ccccc1;vorinostat;0.8624679251766485
CO[C@@H]1C[C@H](C[C@@H](C)[C@@H]2CC(=O)[C@H](C)\C=C(C)\[C@@H](O)[C@@H](OC)C(=O)[C@H](C)C[C@H](C)\C=C\C=C\C=C(C)\[C@H](C[C@@H]3CC[C@@H](C)[C@@](O)(O3)C(=O)C(=O)N3CCCC[C@H]3C(=O)O2)OC)CC[C@H]1O;sirolimus;4.256321678298823
O=c1cc(oc(c1)-c1cccc2Sc3ccccc3Sc12)N1CCOCC1;KU-55933;4.184794465144173
N[C@@H](CC(=O)N1CCn2c(C1)nnc2C(F)(F)F)Cc1cc(F)c(F)cc1F;sitagliptin;-1.3141597633606916
CC1(C)CCC(C)(C)c2cc(ccc12)C(=O)Nc1ccc(cc1)C(O)=O;AM-580;4.911919321157098
CCCCCCCCCC(=O)N[C@H](CN1CCOCC1)[C@H](O)c1ccccc1;PDMP;4.19675071805349
COC(=O)C(CC#Cc1ccc2NC(=O)[C@@]3([C@H]([C@H]4N([C@H]3c3ccccc3OCCO)[C@@H]([C@@H](OC4=O)c3ccccc3)c3ccccc3)C(=O)N3CCN(CC3)c3ncccn3)c2c1)C(=O)OC;BRD-K71935468;1.7798555647252303
Nc1ccccc1NC(=O)c1ccc(CNC(=O)OCc2cccnc2)cc1;entinostat;0.7988576349820596
ONC(=O)\C=C\c1cccc(c1)S(=O)(=O)Nc1ccccc1;belinostat;0.262364264467491
CC[C@@H](C)[C@@H]1NC(=O)[C@H](Cc2cn(OC)c3ccccc23)NC(=O)[C@H](CCCCCC(=O)CC)NC(=O)[C@H]2CCCCN2C1=O;apicidin;-0.8130574772325029
CC(=O)Nc1ccc(cc1)C(=O)Nc1cc(ccc1N)-c1cccs1;Merck60;-0.4939685066995678
CN1CCCCC1NC(=O)[C@H](CCCCCC(C)=O)C(=O)Nc1nc(cs1)-c1ccccc1;BRD-A94377914;2.998727782533789
CCCCCCN(CCCCCC)C(=O)Cc1c([nH]c2ccccc12)-c1ccc(F)cc1;FGIN-1-27;-7.133151365349641
CCN(CC)c1ccc(cc1[N+]([O-])=O)C1=NNC(=O)CC1C;compound 1B;1.5773278585158668
CC[C@]1(O)C[C@@H]2CN(C1)CCc1c([nH]c3ccccc13)[C@@](C2)(C(=O)OC)c1cc2c(cc1OC)N(C=O)[C@@H]1[C@]22CCN3CC=C[C@](CC)([C@@H]23)[C@@H](OC(C)=O)[C@]1(O)C(=O)OC;vincristine;6.384013263282919
Nc1ccn([C@@H]2O[C@H](CO)[C@@H](O)[C@@H]2O)c(=O)n1;cytarabine hydrochloride;-0.2511572977694086
CCC(C)n1ncn(-c2ccc(cc2)N2CCN(CC2)c2ccc(OCC3COC(Cn4cncn4)(O3)c3ccc(Cl)cc3Cl)cc2)c1=O;itraconazole;0.4793349566746198
CCOc1ccccc1-n1c(=O)c2ccccc2nc1C(C)N1CCN(CC1)C(=O)COc1ccc(Cl)cc1;erastin;1.5549817266380417
Cc1cc(C(=O)CN2C(=O)CCC2=O)c(C)n1Cc1ccccc1;ML031;6.118537629671458
CCOc1ccccc1C1CC(=O)Nc2cc3OCOc3cc12;FQI-1;0.1789826555284399
COc1ccc(cc1[N+]([O-])=O)S(=O)(=O)N(C(C)=O)c1ccc(OC(C)=O)c2ccccc12;BRD-K92856060;3.079613757534693
ClC1=C(NCC=C)C(=O)c2ccccc2C1=O;BRD-K45681478;2.4458192610799534
Brc1cc2OCOc2cc1C1Nc2ccccc2C2C=CCC12;ML050;5.429784129290343
COc1ccc(cc1Cl)N(C(C(=O)NCCc1ccccc1)c1cccs1)C(=O)CCl;ML162;-1.903808973036678
N=C(NOC(=O)C12CC3CC(CC(C3)C1)C2)c1ccccc1;CIL41;0.6386909947638866
OC(=O)c1cc2cc(OCc3ccccc3)ccc2[nH]1;NSC30930;-1.3547956940605197
Clc1ccc(CC(=N)NOC(=O)c2cccc3ccccc23)cc1;CIL70;3.315639493300509
CC1(C)CN=C(S1)N1CCN(CC1)c1ncnc2sc3CCCCc3c12;MI-1;-3.291984296688839
C(Nc1nc(NCc2ccccc2)c2ccccc2n1)c1ccccc1;DBeQ;1.987600338014256
COc1cc(c(Cl)cc1Cl)-n1c(=S)[nH]c2ccccc2c1=O;Mdivi-1;2.5915163848462583
COc1ccc(cc1)S(=O)(=O)N1CCN(CC1)S(=O)(=O)c1ccc2OCCOc2c1;ML083;-1.968974088653865
Cc1cc(C(=O)CN2CCCC2)c(C)n1-c1ccc(F)cc1;IU1;5.189060380611087
CC1CC2C3CCC4=CC(=O)C=CC4(C)C3(F)C(O)CC2(C)C1(O)C(=O)CO;dexamethasone;-1.3505411914140728
CCN1CCN(CC1)C(c1ccc(cc1)C(F)(F)F)c1ccc2cccnc2c1O;ML311;2.916689066213538
CN1CCN(CC1)c1cc(Nc2cc(C)[nH]n2)nc(Sc2ccc(NC(=O)C3CC3)cc2)n1;VX-680;3.502248625731883
CN1CCN(Cc2ccc(cc2)C(=O)Nc2ccc(C)c(Nc3nccc(n3)-c3cccnc3)c2)CC1;imatinib;3.75607070365426
Nc1nc(OCc2ccccc2)c2[nH]cnc2n1;O-6-benzylguanine;4.40684119104832
Nc1ncn([C@H]2C[C@H](O)[C@@H](CO)O2)c(=O)n1;decitabine;10.29112807573174
Cc1c[nH]c(n1)-c1cnc(NCCNc2ccc(cn2)C#N)nc1-c1ccc(Cl)cc1Cl;CHIR-99021;3.9037892005010426
CC[C@H]1N(C2CCCC2)c2nc(Nc3ccc(cc3OC)C(=O)NC3CCN(C)CC3)ncc2N(C)C1=O;BI-2536;-0.8232558659069656
Nc1ccc(cc1NC(=O)c1ccc(cc1)C(=O)NCCc1ccncc1)-c1cccs1;BRD-K61166597;-0.7528971849657193
CNC(=O)c1ccccc1Sc1ccc2c(\C=C\c3ccccn3)n[nH]c2c1;axitinib;2.435366204227864
Cn1cnc2c(F)c(Nc3ccc(Br)cc3Cl)c(cc12)C(=O)NOCCO;selumetinib;-0.5116593045145681
Cn1c2cnc3ccc(cc3c2n(-c2ccc(cc2)C(C)(C)C#N)c1=O)-c1cnc2ccccc2c1;NVP-BEZ235;-2.480396834310172
COc1cc2ncn(-c3cc(OCc4ccccc4C(F)(F)F)c(s3)C(N)=O)c2cc1OC;GW-843682X;0.0459289318883997
COc1cc2c(Nc3ccc(Br)cc3F)ncnc2cc1OCC1CCN(C)CC1;vandetanib;1.2809338454620642
CNC(=O)c1cc(Oc2ccc(NC(=O)Nc3ccc(Cl)c(c3)C(F)(F)F)cc2)ccn1;sorafenib;3.5100517865742376
Cc1cc2nc(NCCCO)n(CC(=O)c3cc(c(O)c(c3)C(C)(C)C)C(C)(C)C)c2cc1C;ML029;2.776331708518616
CN1N=Nc2c(ncn2C1=O)C(=O)N;temozolomide;-0.3441818796912659
COC(=O)c1ccc2n(CCCc3ccccc3)c(NC(=O)c3ccccc3)nc2c1;QW-BI-011;-1.9449106487222296
CC1(C)Cc2c(c(nn2-c2ccc(C(N)=O)c(N[C@H]3CC[C@H](O)CC3)c2)C(F)(F)F)C(=O)C1;SNX-2112;-3.730952230535844
CC1(C)CCC(=C(CN2CCN(CC2)c2ccc(cc2)C(=O)NS(=O)(=O)c2ccc(N[C@H](CCN3CCOCC3)CSc3ccccc3)c(c2)S(=O)(=O)C(F)(F)F)C1)c1ccc(Cl)cc1;navitoclax;-0.9080745771028146
Cc1cc2c(cc1C(=C)c1ccc(cc1)C(O)=O)C(C)(C)CCC2(C)C;bexarotene;-7.164326356408865
Cc1cn(cn1)-c1cc(NC(=O)c2ccc(C)c(Nc3nccc(n3)-c3cccnc3)c2)cc(c1)C(F)(F)F;nilotinib;1.8008843770050555
CCN(CC)CCNC(=O)c1c(C)[nH]c(\C=C2/C(=O)Nc3ccc(F)cc23)c1C;sunitinib;1.843244411916564
Cn1c(CCCC(O)=O)nc2cc(ccc12)N(CCCl)CCCl;bendamustine;2.9932291433358724
COC(=O)C[C@](O)(CCCC(C)(C)O)C(=O)O[C@H]1[C@H]2c3cc4OCOc4cc3CCN3CCC[C@]23C=C1OC;omacetaxine mepesuccinate;-2.014403145500614
OC(=O)c1ccc2cc(ccc2c1)-c1ccc(O)c(c1)C12CC3CC(CC(C3)C1)C2;CD-437;3.487069220736119
CC(C)c1ccc(Cn2ccc3c2ccc2nc(NC4CC4)nc(N)c32)cc1;SCH-79797;0.3736303845881459
CN1c2cc3c(cc2N=C(c2ccc(cc2)C(O)=O)c2ccccc12)C(C)(C)CCC3(C)C;LE-135;2.870169050578645
CCCCCCCCCCC(C)(C)C(=O)Nc1c(OC)cc(OC)cc1OC;CI-976;5.005957704545144
N[Pt](N)(Cl)Cl;Platin;-9.183698441029762
CN1C(=S)NC(Cc2c[nH]c3ccccc23)C1=O;necrostatin-1;6.694809552644373
COc1ccc2n(C(=O)c3cccc(Cl)c3Cl)c(C)c(CCN3CCOCC3)c2c1;GW-405833;3.2499868198932536
OCc1ccc(s1)-c1ccc(o1)-c1ccc(CO)s1;RITA;-0.57678737944375
CN(C)C(=O)n1nnnc1Cc1ccc(cc1)-c1ccccc1;LY-2183240;5.9417489548620495
COc1cc2nccc(Oc3ccc(NC(=O)Nc4ccc(F)cc4F)c(F)c3)c2cc1OC;Ki8751;2.0509134580652977
OC(=O)c1ccc(cc1)-c1ccc2cc(c(O)cc2c1)C12CC3CC(CC(C3)C1)C2;CD-1530;3.631515136724365
NC(=O)Nc1sc(cc1C(N)=O)-c1ccc(F)cc1;TPCA-1;-0.2843542823591063
Cc1ccc(C=C2CNCC(=Cc3ccc(C)cc3)C2=O)cc1;NSC632839;0.9760679359100156
CCc1c2Cn3c(cc4c(COC(=O)C4(O)CC)c3=O)-c2nc2ccc(O)cc12;SN-38;-4.388447202476804
CC(=O)N1CCC(CC1)C(=O)Nc1cc(ccc1N)-c1cccs1;BRD-K80183349;1.3273402182762202
Nc1ccc(cc1NC(=O)C1=CCCC1)-c1cccs1;BRD-K66532283;4.901564199041894
NC1(CCC1)c1ccc(cc1)-c1nc2ccn3c(n[nH]c3=O)c2cc1-c1ccccc1;MK-2206;2.289702467163032
COc1ccc(OC)c(c1)-c1nnc2SCC(=Nn12)c1ccc(OC)c(OC)c1;triazolothiadiazine;4.328098292648326
C[C@@H](CO)N1C[C@H](C)[C@H](CN(C)S(=O)(=O)c2ccc(Cl)cc2)Oc2ccc(NC(=O)CCC(F)(F)F)cc2CC1=O;BRD-K66453893;1.673913931618465
CC(=O)NC1CCN(CC1)C(=O)Nc1cc(ccc1N)-c1cccs1;BRD-K11533227;1.7458900355696003
C[C@H](CO)N1C[C@@H](C)[C@H](CN(C)C(=O)Nc2ccc3OCOc3c2)Oc2cc(ccc2S1(=O)=O)C#Cc1ccncc1;BRD-K33514849;3.260401571696699
CC(C)CC#Cc1ccc2c(O[C@@H](CN(C)C(=O)c3cnccn3)[C@H](C)CN([C@H](C)CO)S2(=O)=O)c1;BRD-K14844214;5.917279648918606
C[C@@H](CO)N1C[C@H](C)[C@@H](CN(C)Cc2ccc(cc2)C(O)=O)Oc2cc(ccc2S1(=O)=O)C#CCC1CCCC1;BRD1835;4.339249605317823
C[C@H](CO)N1C[C@H](C)[C@H](CN(C)C(=O)Nc2cc(F)ccc2F)Oc2cc(ccc2S1(=O)=O)C#CC1CCCC1;BRD-K41597374;8.93313654381203
C[C@@H](CO)N1C[C@H](C)[C@@H](CN(C)C(=O)Nc2ccc3OCOc3c2)Oc2cc(ccc2S1(=O)=O)C#Cc1ccncc1;BRD-K63431240;0.2247422726779067
C[C@@H](CO)N1C[C@H](C)[C@H](CN(C)C(=O)Cc2ccncc2)Oc2cc(ccc2S1(=O)=O)C#Cc1ccccc1F;BRD-K13999467;6.272122004622799
CC1CCC\C=C/C2CC(O)CC2C(O)\C=C/C(=O)O1;brefeldin A;-4.061103228442299
Clc1ccc(Cl)c(c1)-c1ccc(\C=C(/C#N)C(=O)Nc2cccc3ncccc23)o1;AGK-2;3.1514531485507664
CC(C)C[C@H](NC(=O)[C@@H](C[C@@H](O)[C@H](Cc1ccccc1)NC(=O)OC(C)(C)C)Cc1ccccc1)C(=O)N[C@@H](Cc1ccccc1)C(N)=O;L-685458;-4.3716803426197375
O=C(Nc1ccccc1)N1CCC(Cc2cnc3ccccc3c2)CC1;PF-750;4.2284382967028
CC(C)[C@]12O[C@H]1[C@@H]1O[C@]11[C@]3(O[C@H]3CC3C4=C(CC[C@]13C)C(=O)OC4)[C@@H]2O;triptolide;-1.2286070852842967
COc1ccc(C2=NC(C(N2C(=O)N2CCNC(=O)C2)c2ccc(Cl)cc2)c2ccc(Cl)cc2)c(OC(C)C)c1;nutlin-3;4.393708139447719
CCCCC\C=C/C\C=C/C\C=C/C\C=C/CCCC(=O)C(F)(F)F;AA-COCF3;3.66047997959224
Brc1ccc(OCc2ccccc2Br)c(\C=C2\SC(=S)NC2=O)c1;PRL-3 inhibitor I;1.827448311636562
CCc1ccccc1NC(=O)CSC(=O)NNC(=O)[C@@H](Cc1c[nH]c2ccccc12)NC(=O)OC(C)(C)C;SID 26681509;3.2156706939192525
O=C(NC1CC1)c1cc(on1)-c1cccs1;neuronal differentiation inducer III;4.66814498514948
OC[C@H]1O[C@H](C(O)[C@H]1O)n1cccnc1=O;zebularine;7.010311867307229
Oc1cccc(c1)-c1nc(N2CCOCC2)c2oc3ncccc3c2n1;PI-103;-0.7017843739556089
CON(C)C(=O)[C@H]1[C@@H](O)[C@@]2(O)c3c(O[C@]2([C@@H]1c1ccccc1)c1ccc(OC)cc1)cc(OC)cc3OC;SR-II-138A;-4.232917212086041
CCC[C@H]1C[C@H](C[C@H](C)C[C@@H]2C[C@H](C[C@H](CC(=O)O1)O2)OC(=O)\C=C/CCc1coc(\C=C/CNC(=O)OC)n1)OC;neopeltolide;-4.333617495466194
CCOC(=O)\C=C/n1nnc(n1)-c1cccc(Cl)c1;Compound 7d-cis;3.799078246412012
NS(=O)(=O)OC[C@@H]1C[C@H](C[C@@H]1O)n1ccc2c(N[C@H]3CCc4ccccc34)ncnc12;pevonedistat;0.920681080175448
CN(C)C(=O)c1ccc(cc1)S(=O)(=O)c1ccc(NC(=O)[C@@](C)(O)C(F)(F)F)c(Cl)c1;AZD7545;1.736246759297796
Nc1ncnc2n([C@@H]3O[C@H](COCc4ccc(cc4)C#N)[C@@H](O)[C@H]3O)c(NCc3ccc(Cl)c(Cl)c3)nc12;VER-155008;1.2960960932017418
Nc1cccc(c1)S(=O)(=O)N1CCCN(CC1)S(=O)(=O)c1ccc2OCCOc2c1;ML203;-9.516050646947354
O=C(Nc1cc(CN2CCNCC2)cc(c1)-c1nc2ccccc2[nH]1)c1cnc2ccccc2n1;SRT-1720;2.367436065313662
O=C(NCCN1CCC2(CC1)N(CNC2=O)c1ccccc1)c1ccc2ccccc2c1;CAY10594;3.062455905596899
Oc1cccc2cc(C(=O)Nc3cccc(c3)-c3cn4ccccc4n3)c(=O)oc12;Compound 1541A;-1.2776193444942343
OC(=O)[C@H](Cc1c[nH]c2ccccc12)N1C(=O)c2ccccc2C1=O;RG-108;0.3893357261782807
Oc1c(CC=C)cccc1\C=N\NC(=O)CN1CCN(Cc2ccccc2)CC1;PAC-1;0.6996261466576544
CN1C(=O)N(Cc2cnc(Nc3cc(C)nn3C)nc12)c1cc(NC(=O)c2cccc(c2)C(F)(F)F)ccc1C;pluripotin;-1.3882963637905636
Clc1ccc(OCCCCCC\N=C(\NC#N)Nc2ccncc2)cc1;GMX-1778;-9.306961410580609
CC1(C)Oc2ccc3C4=C[C@@]56NC(=O)[C@]7(CCCN7C5=O)C[C@H]6C(C)(C)C4=[N+]([O-])c3c2C=C1;avrainvillamide;3.4901235908565567
Cc1cc(cc2[nH]c(nc12)-c1c(NC[C@@H](O)c2cccc(Cl)c2)cc[nH]c1=O)N1CCOCC1;BMS-536924;2.164586594836755
Nc1ccn([C@@H]2O[C@H](CO)[C@@H](O)C2(F)F)c(=O)n1;gemcitabine;-1.3137876703331426
Oc1cccc(C(=O)Nc2cccc(NC(=O)c3cccc(O)c3O)c2)c1O;MST-312;0.7158866675294346
Fc1ccc(Cc2n[nH]c(=O)c3ccccc23)cc1C(=O)N1CCN(CC1)C(=O)C1CC1;olaparib;6.491026978595262
CCC1CCC2OC3(CC[C@@H](C)C(C[C@H](C)O)O3)[C@H](C)C(OC(=O)\C=C\[C@@H](C)[C@H](O)[C@@H](C)C(=O)[C@H](C)[C@@H](O)[C@H](C)C(=O)[C@@](C)(O)[C@H](O)[C@@H](C)C\C=C\C=C\1)[C@H]2C;oligomycin A;2.359910159613315
NS(=O)(=O)c1ccc(cc1)S(=O)(=O)Nc1cccc2c(Cl)c[nH]c12;indisulam;4.200354866721424
OC[C@@H]1O[C@@H](CC(=O)NCc2ccncn2)CC[C@H]1NC(=O)c1ccc(F)cc1;BRD-K49290616;-0.99695863494161
CN1CCN(CC1)C(=O)C[C@@H]1O[C@H](CO)[C@@H](NS(=O)(=O)c2cccc(F)c2)C=C1;BRD-K02492147;-1.3579012866186728
CC(C)(O)CCc1ccc(O)c2c1oc1cc3O[C@H]4OC=C[C@@]4(O)c3c(O)c1c2=O;austocystin D;-2.742486378423337
C[C@@H](NC(=O)C[C@@H]1CC[C@@H](NC(=O)CN2CCOCC2)[C@H](CO)O1)c1ccccc1;BRD-K09587429;0.0478373294141602
ONC(=O)\C=C\c1ccc(cc1)C(=O)N\N=C\c1ccc(O)c(O)c1O;pandacostat;9.447781227991216
Fc1ccc(Nc2c(cnc3c(Cl)cc(NCc4cnc[nH]4)cc23)C#N)cc1Cl;cyanoquinoline 11;3.016024976821753
Cn1cncc1[C@@](N)(c1ccc(Cl)cc1)c1ccc2n(C)c(=O)cc(-c3cccc(Cl)c3)c2c1;tipifarnib-P2;4.214347354616797
Cn1cncc1[C@](N)(c1ccc(Cl)cc1)c1ccc2n(C)c(=O)cc(-c3cccc(Cl)c3)c2c1;tipifarnib-P1;2.582486978126864
CN(C)[C@H]1CC[C@H]2[C@@H](CC[C@H]3[C@@H]4CC=C(c5ccc6cnccc6c5)[C@@]4(C)CC[C@H]23)C1;Compound 23 citrate;2.26457165079583
C[C@H]1C[C@@H](OC1=O)[C@@H](O)[C@@H](C(Cl)Cl)c1ccc2[C@@H]3C[C@@H](Br)[C@]45O[C@H](C[C@]4(C)[C@H]3C(=O)c2c1C)CO[C@H]5O;nakiterpiosin;-2.3028851380030475
Cc1[nH]c2ccccc2c1C(Nc1ccccn1)c1ccc(Cl)cc1;CCT036477;3.946037884015424
COc1cc(Nc2ncc(F)c(Nc3ccc4OC(C)(C)C(=O)Nc4n3)n2)cc(OC)c1OC;tamatinib;-0.4383499354439411
CCCCCCC(=O)CCCCCC\C=C\C[C@H](O)[C@@H](O)C(N)(CO)C(O)=O;myriocin;-6.7380125043950425
COCCn1c2c(C(=O)c3ccccc3C2=O)[n+](Cc2cnccn2)c1C;YM-155;-2.834974894675877
C[C@]1(CCCN1c1nc(Nc2cc(n[nH]2)C2CC2)c2cccn2n1)C(=O)Nc1ccc(F)nc1;BMS-754807;4.542336876816522
C\C(=C/C(=O)Nc1ccccc1C(O)=O)c1ccc2ccccc2c1;BIBR-1532;4.269977130865259
CC(C)C[C@H]([C@H](O)C(=O)NO)C(=O)N[C@H](C(=O)OC1CCCC1)c1ccccc1;tosedostat;2.50470927708418
CCOc1cc2ncc(C#N)c(Nc3ccc(OCc4ccccn4)c(Cl)c3)c2cc1NC(=O)\C=C\CN(C)C;neratinib;0.7289968334536425
Oc1ccc(C[C@@H]2N3[C@H](CN(Cc4cccc5ccccc45)C2=O)N(CCC3=O)C(=O)NCc2ccccc2)cc1;BRD1812;3.74879794432518
CC1=NN(C(=O)C\1=C\c1ccc(o1)-c1cc(C)c(C)cc1[N+]([O-])=O)c1ccc(cc1)C(O)=O;BRD8958;2.9290581402859983
C(Cc1c[nH]c2ccccc12)Nc1cccc(Nc2ccncc2)c1;serdemetan;3.32862668882732
CN1CCN(CC1)c1ccc(Nc2ncc3c(n2)n(-c2cccc(n2)C(C)(C)O)n(CC=C)c3=O)cc1;MK-1775;1.895218177596285
COc1cc2nccc(Oc3ccc(NC(=O)Nc4cc(C)on4)c(Cl)c3)c2cc1OC;tivozanib;1.6661962462527091
COc1ccc2c3C[C@@H]4N([C@@H](CC(C)C)c3[nH]c2c1)C(=O)[C@H](CCC(=O)OC(C)(C)C)NC4=O;Ko-143;2.766319109226186
CONC(=O)[C@H]1[C@@H](O)[C@@]2(O)c3c(O[C@]2([C@@H]1c1ccccc1)c1ccc(OC)cc1)cc(OC)cc3OC;CR-1-31B;-5.2816569256549295
OC(=O)c1ccc(NCc2nc3cc4ccccc4cc3[nH]2)cc1;BRD-K71781559;-0.987249820814649
CO[C@@H]1CC[C@H]2CCN(C)C(=O)[C@@H](C)[C@H](CN(C)C(=O)c3cccc(C#N)c3OC[C@H]1O2)OC;BRD-K86535717;1.687694410399868
C[C@H](CO)N1C[C@H](C)[C@@H](CN(C)C(=O)NC2CCCCC2)Oc2ccc(NC(=O)Cc3cn(C)c4ccccc34)cc2C1=O;BRD-K48334597;3.6027767550605247
CC(C)NC(=O)Nc1ccc2O[C@@H](CN(C)S(=O)(=O)c3ccc(Cl)cc3)[C@H](C)CN([C@H](C)CO)C(=O)c2c1;ML312;0.7178397931503168
C[C@H](CO)N1C[C@H](C)[C@H](CN(C)CC2CC2)Oc2ccc(NS(=O)(=O)c3cn(C)cn3)cc2C1=O;BRD-K78574327;-1.02694300197775
C[C@H](CO)N1C[C@H](C)[C@H](CN(C)Cc2ccc(Cl)c(Cl)c2)Oc2ccc(cc2C1=O)N(C)C;BRD-K19103580;6.943122422819428
CC(C)NC(=O)N(C)C[C@H]1Oc2ccc(cc2C(=O)N(C[C@H]1C)[C@H](C)CO)N(C)C;BRD-K30019337;0.7598708126028534
C[C@H](CO)N1C[C@H](C)[C@@H](CN(C)C)Oc2c(NC(=O)c3cc(C)nn3C)cccc2C1=O;BRD-K84807411;-1.3727860110950982
COc1ccc(NC(=O)Nc2ccc3O[C@@H](CN(C)Cc4ccc5OCOc5c4)[C@@H](C)CN([C@@H](C)CO)C(=O)c3c2)cc1;BRD-K01737880;-7.399922720929594
COc1ccc(cc1)S(=O)(=O)N(C)C[C@@H]1Oc2c(NC(=O)Nc3cccc4ccccc34)cccc2C(=O)N(C[C@H]1C)[C@@H](C)CO;BRD-K64610608;9.57080811415361
C[C@H](CO)N1C[C@H](C)[C@H](CN(C)C(=O)NC2CCCCC2)Oc2c(NS(=O)(=O)c3ccc(F)cc3)cccc2C1=O;BRD-K02251932;6.760414691083428
C[C@@H](CO)N1C[C@@H](C)[C@@H](CN(C)Cc2ccc(cc2)C(=O)Nc2ccccc2N)Oc2c(NC(=O)Nc3ccccc3)cccc2C1=O;BRD-K55116708;2.432735777459091
CNC[C@@H]1Oc2ccc(NC(=O)CCN3CCOCC3)cc2CC(=O)N(C[C@@H]1C)[C@H](C)CO;BRD-K34485477;3.4855385300959063
CC(C)NC(=O)Nc1ccc2O[C@@H](CN(C)S(C)(=O)=O)[C@@H](C)CN([C@H](C)CO)C(=O)Cc2c1;BRD-K16147474;-1.2808538486618937
CNC[C@@H]1Oc2ccc(cc2CC(=O)N(C[C@@H]1C)[C@@H](C)CO)N(C)C;BRD-K33199242;-1.21976349023226
C[C@@H](CO)N1C[C@H](C)[C@H](CN(C)C(=O)Nc2cccc3ccccc23)Oc2ccc(NC(=O)NC3CCCCC3)cc2CC1=O;BRD-K52037352;4.964940334834126
C[C@H](CO)N1C[C@H](C)[C@H](CN(C)Cc2ccc3OCCOc3c2)OCc2cn(CCCC1=O)nn2;BRD-K27986637;1.01450577937111
COc1cc2c(ncnc2cc1OCCCN1CCCCC1)N1CCN(CC1)C(=O)Nc1ccc(OC(C)C)cc1;tandutinib;2.4096441652874536
C[C@]12CC[C@H]3[C@H]([C@@H]1CC[C@@H]2O)[C@H](CCCCCCCCCS(=O)CCCC(F)(F)C(F)(F)F)Cc1cc(O)ccc31;fulvestrant;-6.031037322227805
CO[C@H]1\C=C\C=C(C)\C[C@@H](C)[C@H](O)[C@H](C)\C=C(C)\C=C(OC)\C(=O)O[C@@H]1[C@@H](C)[C@@H](O)[C@H](C)[C@H]1C[C@@H](O)[C@H](C)[C@H](O1)C(C)C;bafilomycin A1;-6.580612137649442
ONC(=O)c1ccncc1;isonicotinohydroxamic acid;-4.537511537514277
CN(C)CCCNc1c2ccccc2n(C)c2nc(=O)n(C)c(=O)c12;HLI 373;3.617114887884625
CCC(=O)OCN1C(=O)C=CC1=O;NSC19630;4.103469469999101
O[As](O)(=O)c1ccc(Cc2ccc(cc2)[As](O)(O)=O)cc1;NSC48300;-0.2314277709019073
COC[C@]1(CO)[N@@]2CC[C@@H](CC2)C1=O;PRIMA-1-Met;-5.463899807337715
CN1C2N(CCc3c2[nH]c2ccccc32)C(=O)c2ccccc12;isoevodiamine;8.544808358449211
COc1cc2c(NC3CCN(CC3)C(C)C)nc(nc2cc1OCCCN1CCCC1)C1CCCCC1;UNC0638;2.085920507777545
CC(C)(O)\C=C\C(=O)[C@](C)(O)C1[C@H](O)C[C@@]2(C)C3CC=C4C(CC(=O)C(=O)C4(C)C)[C@]3(C)C(=O)C[C@]12C;cucurbitacin I;1.9323905989678007
COc1ccccc1-c1cccc(c1)-c1nc(cc2CN([C@@H](CCO)c12)[S@@](=O)C(C)(C)C)C(=O)NCc1ccncc1;BRD-K50799972;3.8433158074183553
CN(C)CC(=O)N[C@@H]1CC[C@@H](CCNC(=O)Nc2ccc(F)cc2)O[C@H]1CO;BRD-K17060750;-5.830707168229868
CCN(CCO)CCCOc1ccc2c(Nc3cc(CC(=O)Nc4cccc(F)c4)[nH]n3)ncnc2c1;barasertib;6.721184707898767
Cc1ccc(F)c(NC(=O)Nc2ccc(cc2)-c2cccc3[nH]nc(N)c23)c1;linifanib;3.906004933102583
C[C@@]1(CCCN1)c1nc2c(cccc2[nH]1)C(N)=O;veliparib;-3.2256487091556294
CN1CCN(CCOc2cc(OC3CCOCC3)c3c(Nc4c5OCOc5ccc4Cl)ncnc3c2)CC1;saracatinib;3.2653776585196206
CN(C)C\C=C\C(=O)Nc1cc2c(Nc3ccc(F)c(Cl)c3)ncnc2cc1O[C@H]1CCOC1;afatinib;-0.0546674013423082
COc1cc2c(Oc3ccc4[nH]c(C)cc4c3F)ncnc2cc1OCCCN1CCCC1;cediranib;1.3506671834767394
Fc1ccc(Nc2ncnc3cc(OCCCN4CCOCC4)c(NC(=O)C=C)cc23)cc1Cl;canertinib;-0.3031341770107025
COC1=CC(=N\C\1=C/c1[nH]c(C)cc1C)c1cc2ccccc2[nH]1;obatoclax;-0.5252626715637602
CN1CCN(Cc2ccc(cc2)C(=O)Nc2ccc(C)c(Nc3nc(cs3)-c3cccnc3)c2)CC1;masitinib;2.87919845729804
FC(F)c1nc2ccccc2n1-c1nc(nc(n1)N1CCOCC1)N1CCOCC1;ZSTK474;-1.296453657120101
C[C@@H](O)COc1cn2ncnc(Oc3ccc4[nH]c(C)cc4c3F)c2c1C;brivanib;3.003204288392692
OCCn1cc(c(n1)-c1ccncc1)-c1ccc2c(CC\C2=N/O)c1;GDC-0879;1.5851452198650555
COc1cc(ccc1Nc1ncc(Cl)c(Nc2ccccc2S(=O)(=O)C(C)C)n1)N1CCC(CC1)N1CCN(C)CC1;NVP-TAE684;1.348592493935879
CC(C)(C)c1cnc(CSc2cnc(NC(=O)C3CCNCC3)s2)o1;SNS-032;-5.693139314557722
CCCS(=O)(=O)Nc1ccc(F)c(C(=O)c2c[nH]c3ncc(Cl)cc23)c1F;PLX-4720;3.135928904047274
CC(Nc1ccccc1)c1cc(C)cn2c1nc(cc2=O)N1CCOCC1;TGX-221;8.057060681965766
COc1ccc(cc1CO)-c1ccc2c(nc(nc2n1)N1C[C@H](C)O[C@H](C)C1)N1CCOCC1;KU-0063794;-0.4275573545829804
Nc1nc(N)c2nc(-c3cccc(O)c3)c(nc2n1)-c1cccc(O)c1;TG-100-115;4.60816569496789
O=C1NC(=O)\C(S1)=C\c1ccc2nccc(-c3ccncc3)c2c1;GSK1059615;0.2753564227611439
CN(c1cccc(Cl)c1)S(=O)(=O)c1ccc2NC(=O)\C(=C/c3[nH]c(C)c(C(=O)N4CCN(C)CC4)c3C)c2c1;SU11274;1.692675511004156
COc1ccc(Cn2ccc3ccc(cc23)C(=O)NO)cc1;BRD-K88742110;5.310739886546594
COc1cc(ccc1Nc1ncc2N(C)C(=O)c3ccccc3N(C)c2n1)C(=O)N1CCC(CC1)N1CCN(C)CC1;LRRK2-IN-1;0.9030028375472196
O=S(=O)(N1CCCc2ccccc12)c1ccc(cc1)-c1cnc(o1)C1CC1;ELCPK;2.33214389523559
CCOC(=O)c1c(NC(=O)c2ccc(s2)[N+]([O-])=O)sc2c1CC(C)(C)NC2(C)C;NPC-26;2.267061536924999
CN(C)CCNC(=O)c1cc2CSc3ccc(Cl)cc3-c2s1;CIL55A;2.1044999410206127
CN(C)CCCNc1nc(CN2CCN(CC2)C(c2ccc(Cl)cc2)c2ccc(Cl)cc2)nc2ccccc12;SCH-529074;1.3877932372436266
CC(C)n1cnc2c(NCCc3ccc(O)cc3)nc(nc12)-c1csc2ccccc12;StemRegenin 1;1.795585474061584
CCOc1ccccc1-c1cc(=O)[nH]c2cc3OCOc3cc12;FQI-2;-0.1097032650919632
Cc1onc(C(=O)N2CCN(CC2)C(c2ccc(Cl)cc2)c2ccc(Cl)cc2)c1[N+]([O-])=O;ML210;-2.052604887726276
C[As](C)SC[C@H](NC(=O)CC[C@H](N)C(O)=O)C(=O)NCC(O)=O;darinaparsin;-1.1548652302189082
CCC(C)SSc1ncc[nH]1;PX-12;4.033886593184986
CN(C)c1ccccc1CN1CCCN(Cc2ccccc2N(C)C)C1c1ccncc1;GANT-61;3.828641396489095
COc1cc(\C=C\C(=O)N2CCC=CC2=O)cc(OC)c1OCCN(C)CCOc1c(OC)cc(\C=C\C(=O)N2CCC=CC2=O)cc1OC;PL-DI;1.208363152627229
CC(C)c1ccccc1Cc1cc(C(=O)Nc2ccc(cc2)S(=O)(=O)c2ccccc2C(C)(C)C)c(O)c(O)c1O;TW-37;-0.34037986145223
COc1ccc(cc1CO)-c1ccc2c(nc(nc2n1)N1CCOC[C@@H]1C)N1CCOC[C@@H]1C;AZD8055;-1.7504256057350778
Fc1ccccc1-c1cc(=O)c2cc3OCOc3cc2[nH]1;CHM-1;-2.863651933196783
OC[C@H](Cc1ccccc1)Nc1nc(Oc2ccc3CCCc3c2)nc2n(Cc3ccc(cc3)-c3ccccc3)cnc12;QS-11;-3.0573949339460977
Clc1cc(Cl)c(OCC(=O)N\N=C\c2ccc[nH]2)c(Cl)c1;ML239;5.280662431309316
CC(C(=O)Nc1cccc(c1)\N=C\c1c(O)ccc2ccccc12)c1ccccc1;salermide;4.815431111471288
CCCC[C@@H](C)[C@@H](OC(=O)C[C@@H](CC(O)=O)C(O)=O)[C@H](CC(C)C[C@H](O)CCCC[C@@H](O)C[C@H](O)[C@H](C)N)OC(=O)C[C@@H](CC(O)=O)C(O)=O;fumonisin B1;3.462919440290152
Cc1sc-2c(c1C)C(=N[C@@H](CC(=O)OC(C)(C)C)c1nnc(C)n-21)c1ccc(Cl)cc1;JQ-1;-1.2783372196147982
ONC(=O)c1cccc(c1)C(=O)Nc1ccccc1;BRD-K51490254;5.756691130311603
CC(=O)N[C@H]1C[C@H](C1)C(=O)Nc1cc(ccc1N)-c1ccc(F)cc1;BRD-K85133207;-2.0356160621398063
Cc1cnc2c(NCCN)nc3ccc(C)cc3n12;BMS-345541;1.426716275618806
COc1cc2ncn(-c3cc(OCc4ccccc4S(C)(=O)=O)c(s3)C#N)c2cc1OC;CAY10576;4.61015772749913
Cc1ccc(cc1)C(=O)NCCCCCC(=O)Nc1ccc(F)cc1N;Repligen 136;4.66814498514948
COC(=O)c1ccc2c(NC(=O)\C2=C(/Nc2ccc(cc2)N(C)C(=O)CN2CCN(C)CC2)c2ccccc2)c1;nintedanib;1.6148233847104383
C[C@@H](Oc1cc(cnc1N)-c1cnn(c1)C1CCNCC1)c1c(Cl)ccc(F)c1Cl;crizotinib;3.582963228522387
COc1cc2c(Oc3ccc(NC(=O)C4(CC4)C(=O)Nc4ccc(F)cc4)cc3F)ccnc2cc1OCCCN1CCOCC1;foretinib;1.0567480845694108
CNC(=O)c1cc(Oc2ccc(NC(=O)Nc3ccc(Cl)c(c3)C(F)(F)F)c(F)c2)ccn1;regorafenib;2.054892668758423
CN1CCN(CC1)c1ccc(Nc2ncc(Cl)c(Sc3cccc(NC(=O)C=C)c3)n2)cc1;WZ8040;1.572151327648084
FC(F)(F)Oc1ccc(NC(=O)c2sccc2NCc2ccnc3ccccc23)cc1;OSI-930;4.521136190378082
Cn1cnc(c1)-c1cc2nccc(Oc3ccc(NC(=S)NC(=O)Cc4ccccc4)cc3F)c2s1;MGCD-265;2.4042387467205457
COc1cc2nccc(Oc3ccc(NC(=O)NC4CC4)c(Cl)c3)c2cc1C(N)=O;lenvatinib;2.300983811627072
COc1ccc(cc1)C(=O)CC1(O)C(=O)Nc2c1c(Cl)ccc2Cl;YK 4-279;0.4395444217610268
O=C(CCCCCCCn1cc(nn1)-c1cccnc1)Nc1ccccc1-c1ccccc1;CAY10618;2.018496556052395
CCN1CCN(CC(=O)Nc2ccc(-c3cccc4c3oc(cc4=O)N3CCOCC3)c3sc4ccccc4c23)CC1;KU 0060648;0.934130650002486
O[C@H]1C=C2[C@@H](NC(=O)c3c(O)c4OCOc4cc23)[C@H](O)[C@@H]1O;narciclasine;-3.783629790659747
CC(C)(C)OC(=O)Nc1ccc(cc1)-c1cc(no1)C(=O)NCCCCCCC(=O)NO;ISOX;0.5128236264286637
CS(=O)(=O)CCNCc1ccc(o1)-c1ccc2ncnc(Nc3ccc(OCc4cccc(F)c4)c(Cl)c3)c2c1;lapatinib;-0.0966210386044255
CC(=O)Nc1ccc(cc1)C(=O)Nc1ccc(F)cc1N;BRD-K29313308;-4.415376614355436
COc1cc2c(NC3CCN(C)CC3)nc(nc2cc1OCCOCCN(C)C)N1CCCN(C)CC1;UNC0321;1.4775052411732748
C[C@H]1CN(C[C@@H](C)O1)c1ccc(NC(=O)c2cccc(-c3ccc(OC(F)(F)F)cc3)c2C)cn1;erismodegib;3.110845080654496
COc1cc(Nc2ncc3CN=C(c4cc(Cl)ccc4-c3n2)c2c(F)cccc2OC)ccc1C(O)=O;alisertib;3.492256112609122
C[C@@H](Nc1ccccc1C(O)=O)c1cc(C)cn2c1nc(cc2=O)N1CCOCC1;AZD6482;4.814620410170298
N#CC[C@H](C1CCCC1)n1cc(cn1)-c1ncnc2[nH]ccc12;ruxolitinib;-1.2496677635880655
C[C@@H](O)[C@@H](NC(=O)[C@H](C)[C@@H](O)[C@H](C)NC(=O)[C@@H](NC(=O)c1nc(nc(N)c1C)[C@H](CC(N)=O)NC[C@@H](N)C(N)=O)C(O[C@H]1O[C@H](CO)[C@H](O)[C@@H](O)[C@H]1O[C@H]1O[C@H](CO)[C@@H](O)[C@H](OC(N)=O)[C@@H]1O)c1c[nH]cn1)C(=O)NCCc1nc(cs1)-c1nc(cs1)C(=O)NCCC[S+](C)C;bleomycin A2;-1.0618947057329469
CS(=O)(=O)N1CCN(Cc2cc3nc(nc(N4CCOCC4)c3s2)-c2cccc3[nH]ncc23)CC1;GDC-0941;-0.2620143257032032
Cc1cccc(n1)-c1[nH]c(nc1-c1ccc2nccnc2c1)C(C)(C)C;SB-525334;1.6205756568445564
CC(C)CC(=O)Nc1n[nH]c2c1CN(C(=O)C1CCN(C)CC1)C2(C)C;PHA-793887;-0.7331361887763086
CC(C)(C)c1cc(NC(=O)Nc2ccc(cc2)-c2cn3c(n2)sc2cc(OCCN4CCOCC4)ccc32)no1;quizartinib;2.444952334280968
CCCCCCCCc1ccc(CCC(N)(CO)CO)cc1;fingolimod;2.091493622703977
CN(c1ccc2c(C)n(C)nc2c1)c1ccnc(Nc2ccc(C)c(c2)S(N)(=O)=O)n1;pazopanib;3.156574798670821
COc1cc(ccc1Nc1ncc(Cl)c(Oc2cccc(NC(=O)C=C)c2)n1)N1CCN(C)CC1;WZ4002;1.2700414042956407
CN(C)CC1CN(C1)C(=O)Nc1cc(ccc1N)-c1ccc(F)cc1;BRD-K24690302;9.124128675157117
COc1ccc(cc1)S(=O)(=O)N(C(=O)C)c2ccccc2C=Cc3cc[n+]([O-])cc3;BRD-K70511574;-4.436271649526278
Cc1n[nH]c2NC3=C([C@@H](c12)c1ccccc1)C(=O)CC(C)(C)C3;BRD-K48477130;-1.7660917224794772
C[C@@H](Oc1cc(sc1C(N)=O)-n1cnc2ccc(CN3CCN(C)CC3)cc12)c1ccccc1C(F)(F)F;GSK461364;2.4078456036515385
CC[C@H](C)[C@H](NC(=O)[C@H](CCCNC(N)=N)NC(=O)[C@H](CCCNC(N)=N)NC(=O)CCNC(C)=O)C(=O)N[C@@H](CCC(N)=O)C(=O)N[C@@H](CCSC)C(=O)N[C@@H](CC(C)C)C(=O)N[C@@H](CC(C)C)C(=O)N[C@@H](CCC(O)=O)C(=O)N[C@@H](C)C(=O)N[C@@H](C)C(=O)N[C@@H](CC(N)=O)C(=O)N[C@@H](CCCNC(N)=N)C(=O)N[C@]1(C)CCC\C=C/CCC[C@@](C)(NC(=O)[C@H](CCCNC(N)=N)NC(=O)[C@H](CCCNC(N)=N)NC(=O)[C@H](CCC(O)=O)NC1=O)C(=O)N[C@@H](CCCNC(N)=N)C(N)=O;BRD-K20514654;-8.676775261240703
CCC(C)C(NC(=O)C(CCCNC(=N)N)NC(=O)C(CCCNC(=N)N)NC(=O)C(CCCNC(=N)N)NC(=O)C(CC(C)C)NC(=O)C(CCCNC(=N)N)NC(=O)C(CCC(=O)O)NC(=O)CCNC(=O)C)C(=O)NC1(C)CCCC=CCCCC(C)(NC(=O)C(CCCNC(=N)N)NC(=O)C(CS)NC(=O)C(CC(C)C)NC1=O)C(=O)NC(Cc2c[nH]cn2)C(=O)NC(Cc3c[nH]cn3)C(=O)NC(CO)C(=O)NC(C(C)O)C(=O)N;BRD-K55473186;-4.359091663391386
Cc1c(oc2ccc3ccccc3c12)[N+]([O-])=O;BRD-K28456706;7.363913501405819
CC(C)(C)c1ccc(cc1)S(=O)(=O)NCc1ccc(cc1)C(=O)Nc1cccnc1;STF-31;8.395703293828527
Fc1ccc(CNc2ncnc3ccc(F)cc23)cc1;spautin-1;4.485823428355525
CC(C)N(CCCNC(=O)Nc1ccc(cc1)C(C)(C)C)C[C@H]1O[C@H](C(O)[C@H]1O)n1cnc2c(N)ncnc12;BRD-A02303741;-0.8393296907380268
COc1ccccc1[C@H]1c2c(NC3=C1C(=O)CC(C)(C)C3)n[nH]c2C(F)(F)F;ML320;10.45852143096644
CN(C)[C@H]1[C@@H]2C[C@@H]3Cc4c(cc(NC(=O)CNC(C)(C)C)c(O)c4C(=O)C3C(=O)[C@]2(O)C(=O)C(C(N)=O)C1=O)N(C)C;tigecycline;-0.8016236568960291
CC(C)N1C[C@@H](C)[C@H](CN(C)Cc2ccc(Oc3ccccc3)cc2)Oc2c(NC(=O)c3ccncc3)cccc2C1=O;BRD-K34099515;-6.798004415023017
Cc1cc(CS(=O)(=O)c2ccccc2)cc(OCc2ccc(CN3CCC[C@@H]3CO)cc2)c1;PF-543;2.72785282839839
CS(=O)(=O)c1cccc(CNc2nc(Nc3ccc4NC(=O)CCc4c3)ncc2C(F)(F)F)c1;PF-573228;1.545645779346321
COc1ccc(\C=C\C(=O)c2c(-c3ccccc3)c3ccccc3[nH]c2=O)cc1;ceranib-2;3.7896293572140793
CCOC(=O)NC(=O)C(=C\c1ccc(Cl)c(Cl)c1)\C#N;FSC231;-0.5741204741383044
CN(C)c1ccc(cc1Br)C1Nc2ccc3ccccc3c2C2=C1C(=O)CC(C)(C)C2;968;-1.421714306351151
CC(C)(C)OC(=O)CN(Cc1ccc(s1)[N+]([O-])=O)Cc1ccc(Cl)cc1;GSK4112;2.989714201228428
OC(=O)[C@@]1(CCCCCCOc2ccc(Cl)cc2)CO1;etomoxir;0.698632110790515
Cc1c(cc(-c2ccccc2)n1CCCN1CCOCC1)C(=O)Nc1cccc(c1)C(F)(F)F;HC-067047;2.2919285128055167
CC1CC(C)CN(C1)c1cc(Nc2ccccc2C(O)=O)c2C(=O)c3ccccc3-c3onc1c23;IPR-456;3.641263600172273
CCC(\C=C\[C@@H]1OC(=O)C=C[C@@H]1C)=C\[C@H](C)C\C=C\C(C)=C\[C@@H](C)C(=O)[C@@H](C)[C@H](O)[C@@H](C)C\C(C)=C\C(O)=O;leptomycin B;3.290638191095092
COc1cc(OC2CCN(C)CC2)ccc1Nc1ncc2n(C)c(=O)n(C3CCCC3)c2n1;AZ-3146;2.6769034721053733
Cc1sc-2c(c1C)C(=N[C@@H](CC(=O)OC(C)(C)C)c1nnc(C)n-21)c1ccc(Cl)cc1.COc1cc2c(NC3CCN(CC3)C(C)C)nc(nc2cc1OCCCN1CCCC1)C1CCCCC1;JQ-1:UNC0638 (2:1 mol/mol);0.3155404005801773
O=C1O[Pt]OC(=O)C11CCC1.COc1cc2c(NC3CCN(CC3)C(C)C)nc(nc2cc1OCCCN1CCCC1)C1CCCCC1;carboplatin:UNC0638 (2:1 mol/mol);4.482098188398097
O=C1O[Pt]OC(=O)C11CCC1.ONC(=O)CCCCCCC(=O)Nc1ccccc1;vorinostat:carboplatin (1:1 mol/mol);2.072542799988679
C(Cc1c[nH]c2ccccc12)Nc1ccc(Nc2ccncc2)cc1.CN(C)CCCNc1nc(CN2CCN(CC2)C(c2ccc(Cl)cc2)c2ccc(Cl)cc2)nc2ccccc12;serdemetan:SCH-529074 (1:1 mol/mol);2.379546134130174
Cn1cnc2c(F)c(Nc3ccc(Br)cc3Cl)c(cc12)C(=O)NOCCO.CCCS(=O)(=O)Nc1ccc(F)c(C(=O)c2c[nH]c3ncc(cc23)-c2ccc(Cl)cc2)c1F;selumetinib:PLX-4032 (8:1 mol/mol);4.155909917880256
CC(C)C[C@H](NC(=O)[C@H](Cc1ccccc1)NC(=O)c1cnccn1)B(O)O.CO[C@@H]1C[C@H](C[C@@H](C)[C@@H]2CC(=O)[C@H](C)\C=C(C)\[C@@H](O)[C@@H](OC)C(=O)[C@H](C)C[C@H](C)\C=C\C=C\C=C(C)\[C@H](C[C@@H]3CC[C@@H](C)[C@@](O)(O3)C(=O)C(=O)N3CCCC[C@H]3C(=O)O2)OC)CC[C@H]1O;sirolimus:bortezomib (250:1 mol/mol);2.330200260027019
CN(CCc1cc(Br)c(OCCCNc2ncnc3n(C)cnc23)c(Br)c1)C(=O)c1ccc(C)cc1;BRD-K97651142;1.4355606024228087
CCOC(=O)N[C@@H]1CC[C@@H]2[C@H](C[C@@H]3[C@@H]([C@@H](C)OC3=O)[C@H]2\C=C\c2ccc(cn2)-c2cccc(F)c2)C1;vorapaxar;1.622748926493773
CC(C)(C)c1cc(cc(c1)C(C)(C)C)C(=O)\C=C\c1ccc(cc1)C(O)=O;Ch-55;2.9801108926510342
CC(C)C[C@@H]1NC(=O)[C@H](CCCNC(N)=N)NC(=O)[C@H](Cc2c[nH]c3ccccc23)NC(=O)[C@H](CC(C)C)NC(=O)[C@H](CC(N)=O)NC(=O)[C@@](C)(CCCCCC\C=C/CCC[C@](C)(NC(=O)[C@H](CC(C)C)NC1=O)C(=O)N[C@@H](CCC(N)=O)C(=O)N[C@@H](CC(N)=O)C(N)=O)NC(=O)[C@H](Cc1ccccc1)NC(=O)[C@@H](NC(=O)[C@H](CCC(N)=O)NC(=O)[C@H](CCC(N)=O)NC(=O)[C@H](CO)NC(=O)[C@H](CCC(N)=O)NC(C)=O)[C@@H](C)O;BRD-K79669418;-1.5945492999403497
CC[C@H](C)[C@H](NC(C)=O)C(=O)N[C@@H](Cc1c[nH]c2ccccc12)C(=O)N[C@@H]([C@@H](C)CC)C(=O)N[C@@H](C)C(=O)N[C@@H](CCC(N)=O)C(=O)N[C@@H](CCC(O)=O)C(=O)N[C@@H](CC(C)C)C(=O)N[C@@H](CCCNC(N)=N)C(=O)N[C@@]1(C)CCC\C=C/CCC[C@](C)(NC(=O)[C@H](CC(O)=O)NC(=O)CNC(=O)[C@@H](NC1=O)[C@@H](C)CC)C(=O)N[C@@H](Cc1ccccc1)C(=O)N[C@@H](CC(N)=O)C(=O)N[C@@H](C)C(=O)N[C@@H](Cc1ccc(O)cc1)C(=O)N[C@@H](Cc1ccc(O)cc1)C(=O)N[C@@H](C)C(=O)N[C@@H](CCCNC(N)=N)C(=O)N[C@@H](CCCNC(N)=N)C(N)=O;BRD-K99584050;-1.132893222644984
Fc1cccc(c1)N(C(C(=O)NC1CCCCC1)c1ccccc1Cl)C(=O)Cc1cccs1;BRD-A71883111;4.097672352314776
CC[C@H](NC(=O)[C@H](C)NC)C(=O)N1C[C@@H](O)C[C@H]1Cc1c([nH]c2cc(F)ccc12)-c1cc2c(C[C@@H]3C[C@H](O)CN3C(=O)[C@H](CC)NC(=O)[C@H](C)NC)cc(F)cc2[nH]1.CC1(C)CCC(=C(CN2CCN(CC2)c2ccc(cc2)C(=O)NS(=O)(=O)c2ccc(N[C@H](CCN3CCOCC3)CSc3ccccc3)c(c2)S(=O)(=O)C(F)(F)F)C1)c1ccc(Cl)cc1;navitoclax:birinapant (1:1 mol/mol);-0.4560218317253166
CC(C)C[C@H](NC(=O)[C@H](Cc1ccccc1)NC(=O)c1cnccn1)B(O)O.CC(C)(C)OC(=O)Nc1ccc(cc1)-c1cc(no1)C(=O)NCCCCCCC(=O)NO;ISOX:bortezomib (250:1 mol/mol);0.7342891238911206
Cn1cnc2c(F)c(Nc3ccc(Br)cc3Cl)c(cc12)C(=O)NOCCO.CS(=O)(=O)N1CCN(Cc2cc3nc(nc(N4CCOCC4)c3s2)-c2cccc3[nH]ncc23)CC1;selumetinib:GDC-0941 (4:1 mol/mol);-0.7526848932761416
CC(=C/CO)\C=C\C=C(C)\C=C\C1=C(C)CCCC1(C)C.Cn1cnc2c(F)c(Nc3ccc(Br)cc3Cl)c(cc12)C(=O)NOCCO;selumetinib:tretinoin (2:1 mol/mol);3.686877451443263
Cn1cnc2c(F)c(Nc3ccc(Br)cc3Cl)c(cc12)C(=O)NOCCO.Cc1sc-2c(c1C)C(=N[C@@H](CC(=O)OC(C)(C)C)c1nnc(C)n-21)c1ccc(Cl)cc1;selumetinib:JQ-1 (4:1 mol/mol);2.23708611076135
Cn1cnc2c(F)c(Nc3ccc(Br)cc3Cl)c(cc12)C(=O)NOCCO.CC(C)N(CCCNC(=O)Nc1ccc(cc1)C(C)(C)C)C[C@H]1O[C@H]([C@H](O)[C@@H]1O)n1ccc2c(N)ncnc12;selumetinib:BRD-A02303741 (4:1 mol/mol);0.471876873627416
CC(=C/CO)\C=C\C=C(C)\C=C\C1=C(C)CCCC1(C)C.CC1(C)CCC(=C(CN2CCN(CC2)c2ccc(cc2)C(=O)NS(=O)(=O)c2ccc(N[C@H](CCN3CCOCC3)CSc3ccccc3)c(c2)S(=O)(=O)C(F)(F)F)C1)c1ccc(Cl)cc1;tretinoin:navitoclax (4:1 mol/mol);0.4034631054374912
Nc1ncn([C@H]2C[C@H](O)[C@@H](CO)O2)c(=O)n1.CC1(C)CCC(=C(CN2CCN(CC2)c2ccc(cc2)C(=O)NS(=O)(=O)c2ccc(N[C@H](CCN3CCOCC3)CSc3ccccc3)c(c2)S(=O)(=O)C(F)(F)F)C1)c1ccc(Cl)cc1;decitabine:navitoclax (2:1 mol/mol);0.2919230667090354
Fc1ccc(cc1)-c1n[nH]cc1C=C1SC(=N)N(C1=O)c1nccs1;necrostatin-7;1.6665741038049096
CCOC(=O)c1ccc(cc1)N1NC(=O)C(=Cc2ccc(o2)[N+]([O-])=O)C1=O;PYR-41;-1.144132803969919
COc1cc2c3n([C@H](C)c4ccccn4)c(=O)[nH]c3cnc2cc1-c1c(C)noc1C;I-BET151;-0.5466255278971782
Nc1nc(OCc2cc(Br)cs2)c2[nH]cnc2n1;lomeguatrib;3.305787196857497
C[C@@]1(CO)CN(C[C@]1(C)CO)c1cc(C(=O)Nc2ccc3CCc4c(nn(c4-c3c2)-c2ccc(F)cc2)C(N)=O)c(Cl)cn1;PF-184;0.2460785225967057
Nc1ccn([C@@H]2O[C@H](CO)[C@@H](O)C2(F)F)c(=O)n1.CO[C@H]1C[C@H](C)CC2=C(NCC=C)C(=O)C=C(NC(=O)\C(C)=C\C=C/[C@H](OC)[C@@H](OC(N)=O)\C(C)=C\[C@H](C)[C@H]1O)C2=O;tanespimycin:gemcitabine (1:1 mol/mol);-0.6895536450498151
CO[C@H]1C[C@H](C)CC2=C(NCC=C)C(=O)C=C(NC(=O)\C(C)=C\C=C/[C@H](OC)[C@@H](OC(N)=O)\C(C)=C\[C@H](C)[C@H]1O)C2=O.CC(=O)O[C@@]12CO[C@@H]1C[C@H](O)[C@]1(C)C2[C@H](OC(=O)c2ccccc2)[C@]2(O)C[C@H](OC(=O)[C@H](O)[C@@H](NC(=O)OC(C)(C)C)c3ccccc3)C(C)=C([C@@H](O)C1=O)C2(C)C;docetaxel:tanespimycin (2:1 mol/mol);1.8615964288168347
Cn1cnc2c(F)c(Nc3ccc(Br)cc3Cl)c(cc12)C(=O)NOCCO.NC1(CCC1)c1ccc(cc1)-c1nc2ccn3c(n[nH]c3=O)c2cc1-c1ccccc1;selumetinib:MK-2206 (8:1 mol/mol);3.199896858270398
CCCS(=O)(=O)Nc1ccc(F)c(C(=O)c2c[nH]c3ncc(cc23)-c2ccc(Cl)cc2)c1F.CC1(C)CCC(=C(CN2CCN(CC2)c2ccc(cc2)C(=O)NS(=O)(=O)c2ccc(N[C@H](CCN3CCOCC3)CSc3ccccc3)c(c2)S(=O)(=O)C(F)(F)F)C1)c1ccc(Cl)cc1;navitoclax:PLX-4032 (1:1 mol/mol);0.0880108773227133
COc1cc(\C=C\C(=O)N2CCC=CC2=O)cc(OC)c1OC.Cn1cnc2c(F)c(Nc3ccc(Br)cc3Cl)c(cc12)C(=O)NOCCO;selumetinib:piperlongumine (8:1 mol/mol);3.510350695558678
CC(C)C[C@H](NC(=O)[C@H](Cc1ccccc1)NC(=O)c1cnccn1)B(O)O.CO[C@H]1C[C@H](C)CC2=C(NCC=C)C(=O)C=C(NC(=O)\C(C)=C\C=C/[C@H](OC)[C@@H](OC(N)=O)\C(C)=C\[C@H](C)[C@H]1O)C2=O;tanespimycin:bortezomib (250:1 mol/mol);-1.192373668482584
Oc1cccc(C(=O)Nc2cccc(NC(=O)c3cccc(O)c3O)c2)c1O.CC1(C)CCC(=C(CN2CCN(CC2)c2ccc(cc2)C(=O)NS(=O)(=O)c2ccc(N[C@H](CCN3CCOCC3)CSc3ccccc3)c(c2)S(=O)(=O)C(F)(F)F)C1)c1ccc(Cl)cc1;navitoclax:MST-312 (1:1 mol/mol);-0.2794493875253045
O=C1O[Pt]OC(=O)C11CCC1.COc1cc(cc(OC)c1O)[C@H]1[C@@H]2[C@H](COC2=O)[C@H](O[C@@H]2O[C@@H]3CO[C@@H](C)O[C@H]3[C@H](O)[C@H]2O)c2cc3OCOc3cc12;carboplatin:etoposide (40:17 mol/mol);1.3852938607863072
COc1cc(\C=C\C(=O)N2CCC=CC2=O)cc(OC)c1OC.Oc1cccc(C(=O)Nc2cccc(NC(=O)c3cccc(O)c3O)c2)c1O;piperlongumine:MST-312 (1:1 mol/mol);2.078691260289132
Nc1ccn([C@@H]2O[C@H](CO)[C@@H](O)C2(F)F)c(=O)n1.CC1(C)CCC(=C(CN2CCN(CC2)c2ccc(cc2)C(=O)NS(=O)(=O)c2ccc(N[C@H](CCN3CCOCC3)CSc3ccccc3)c(c2)S(=O)(=O)C(F)(F)F)C1)c1ccc(Cl)cc1;navitoclax:gemcitabine (1:1 mol/mol);-0.5043466576682816
CC(C)c1ccccc1OC(=O)NCCc1ccc2ccccc2c1;JW-480;3.447126313550555
CC1(C)CC=C(c2cnc3ccccc3c2)c2cc(ccc12)C(=O)Nc1ccc(cc1)C(O)=O;BMS-195614;8.03073492409854
CCOc1ccccc1N\N=C1C(=O)N(N=C\1C)c1nc(cs1)-c1ccccc1;BRD-K07442505;2.378619779270043
Cc1cs\c(=N/C2CCCCC2)n1\N=C\c1ccc(O)c(O)c1O;BRD-K35604418;3.944683787667695
CC(C)[C@H](N(CCCN)C(=O)c1ccc(C)cc1)c1oc2cc(Cl)ccc2c(=O)c1Cc1ccccc1;SB-743921;-0.2945052977999064
O=C1O[Pt]OC(=O)C11CCC1.Cc1sc-2c(c1C)C(=N[C@@H](CC(=O)OC(C)(C)C)c1nnc(C)n-21)c1ccc(Cl)cc1;JQ-1:carboplatin (1:1 mol/mol);-1.9870446924138685
Nc1ncn([C@H]2C[C@H](O)[C@@H](CO)O2)c(=O)n1.Cn1cnc2c(F)c(Nc3ccc(Br)cc3Cl)c(cc12)C(=O)NOCCO;selumetinib:decitabine (4:1 mol/mol);-0.4533431883526284
O=C1O[Pt]OC(=O)C11CCC1.Nc1ncn([C@H]2C[C@H](O)[C@@H](CO)O2)c(=O)n1;decitabine:carboplatin (1:1 mol/mol);0.664233170395303
CC(C)C[C@H](NC(=O)[C@H](Cc1ccccc1)NC(=O)c1cnccn1)B(O)O.CC1(C)Cc2c(c(nn2-c2ccc(C(N)=O)c(N[C@H]3CC[C@H](O)CC3)c2)C(F)(F)F)C(=O)C1;SNX-2112:bortezomib (250:1 mol/mol);-3.0057826094074924
Cc1sc-2c(c1C)C(=N[C@@H](CC(=O)OC(C)(C)C)c1nnc(C)n-21)c1ccc(Cl)cc1.CC1(C)CCC(=C(CN2CCN(CC2)c2ccc(cc2)C(=O)NS(=O)(=O)c2ccc(N[C@H](CCN3CCOCC3)CSc3ccccc3)c(c2)S(=O)(=O)C(F)(F)F)C1)c1ccc(Cl)cc1;JQ-1:navitoclax (2:1 mol/mol);-0.9636444282576252
OC(=O)CC[C@H]1CC[C@@](CC1)(c1cc(F)ccc1F)S(=O)(=O)c1ccc(Cl)cc1.Cc1sc-2c(c1C)C(=N[C@@H](CC(=O)OC(C)(C)C)c1nnc(C)n-21)c1ccc(Cl)cc1;JQ-1:MK-0752 (1:1 mol/mol);-1.489435120039404
CC(C)N(CCCNC(=O)Nc1ccc(cc1)C(C)(C)C)C[C@H]1O[C@H]([C@H](O)[C@@H]1O)n1ccc2c(N)ncnc12.CC1(C)CCC(=C(CN2CCN(CC2)c2ccc(cc2)C(=O)NS(=O)(=O)c2ccc(N[C@H](CCN3CCOCC3)CSc3ccccc3)c(c2)S(=O)(=O)C(F)(F)F)C1)c1ccc(Cl)cc1;BRD-A02303741:navitoclax (2:1 mol/mol);0.0276151670329733
CC(C(=O)Nc1cccc(c1)\N=C\c1c(O)ccc2ccccc12)c1ccccc1.CCCS(=O)(=O)Nc1ccc(F)c(C(=O)c2c[nH]c3ncc(cc23)-c2ccc(Cl)cc2)c1F;salermide:PLX-4032 (12:1 mol/mol);4.029628247502409
COc1cc2c(NC3CCN(CC3)C(C)C)nc(nc2cc1OCCCN1CCCC1)C1CCCCC1.CC1(C)CCC(=C(CN2CCN(CC2)c2ccc(cc2)C(=O)NS(=O)(=O)c2ccc(N[C@H](CCN3CCOCC3)CSc3ccccc3)c(c2)S(=O)(=O)C(F)(F)F)C1)c1ccc(Cl)cc1;UNC0638:navitoclax (1:1 mol/mol);0.0610950993598108
O=C1O[Pt]OC(=O)C11CCC1.CC(C)N(CCCNC(=O)Nc1ccc(cc1)C(C)(C)C)C[C@H]1O[C@H]([C@H](O)[C@@H]1O)n1ccc2c(N)ncnc12;BRD-A02303741:carboplatin (1:1 mol/mol);-0.282362910974181
COc1cccc2C(=O)c3c(O)c4C[C@](O)(C[C@H](O[C@H]5C[C@H](N)[C@H](O)[C@H](C)O5)c4c(O)c3C(=O)c12)C(=O)CO.CC1(C)CCC(=C(CN2CCN(CC2)c2ccc(cc2)C(=O)NS(=O)(=O)c2ccc(N[C@H](CCN3CCOCC3)CSc3ccccc3)c(c2)S(=O)(=O)C(F)(F)F)C1)c1ccc(Cl)cc1;doxorubicin:navitoclax (2:1 mol/mol);-0.2971938328243765
Cn1cnc2c(F)c(Nc3ccc(Br)cc3Cl)c(cc12)C(=O)NOCCO.COc1cc2c(NC3CCN(CC3)C(C)C)nc(nc2cc1OCCCN1CCCC1)C1CCCCC1;selumetinib:UNC0638 (4:1 mol/mol);4.452718062796414
COc1cc(Nc2ncc3CN=C(c4cc(Cl)ccc4-c3n2)c2c(F)cccc2OC)ccc1C(O)=O.CC1(C)CCC(=C(CN2CCN(CC2)c2ccc(cc2)C(=O)NS(=O)(=O)c2ccc(N[C@H](CCN3CCOCC3)CSc3ccccc3)c(c2)S(=O)(=O)C(F)(F)F)C1)c1ccc(Cl)cc1;alisertib:navitoclax (2:1 mol/mol);-0.8301130356331028
CNC(=O)c1cc(Oc2ccc(NC(=O)Nc3ccc(Cl)c(c3)C(F)(F)F)cc2)ccn1.CC1(C)CCC(=C(CN2CCN(CC2)c2ccc(cc2)C(=O)NS(=O)(=O)c2ccc(N[C@H](CCN3CCOCC3)CSc3ccccc3)c(c2)S(=O)(=O)C(F)(F)F)C1)c1ccc(Cl)cc1;navitoclax:sorafenib (1:1 mol/mol);0.3471295310952009
COc1cc(\C=C\C(=O)N2CCC=CC2=O)cc(OC)c1OC.CC1(C)CCC(=C(CN2CCN(CC2)c2ccc(cc2)C(=O)NS(=O)(=O)c2ccc(N[C@H](CCN3CCOCC3)CSc3ccccc3)c(c2)S(=O)(=O)C(F)(F)F)C1)c1ccc(Cl)cc1;navitoclax:piperlongumine (1:1 mol/mol);-0.2569588998089404
O=C1c2ccccc2-c2nc3nonc3nc12;SMER-3;0.944683806375373
Nc1ncnc2n(cc(-c3cccc(OCc4ccccc4)c3)c12)[C@H]1C[C@H](CN2CCCC2)C1;NVP-ADW742;1.6030173446311775
Nc1nc(Cl)nc2n(cnc12)[C@@H]1O[C@H](CO)[C@@H](O)[C@@H]1F;clofarabine;0.8932267922756034
ONC(=O)CCCCCCC(=O)Nc1ccccc1.CC1(C)CCC(=C(CN2CCN(CC2)c2ccc(cc2)C(=O)NS(=O)(=O)c2ccc(N[C@H](CCN3CCOCC3)CSc3ccccc3)c(c2)S(=O)(=O)C(F)(F)F)C1)c1ccc(Cl)cc1;vorinostat:navitoclax (4:1 mol/mol);-0.4692039490751713
COc1cc(Nc2nc3ccccc3nc2NS(=O)(=O)c2ccc(NC(=O)c3ccc(C)c(OC)c3)cc2)cc(OC)c1;XL765;4.8338981155962015
C[C@H](Nc1ncc(Cl)c(Nc2cc(C)[nH]n2)n1)c1ncc(F)cn1;AZD1480;3.0204248861443626
COc1ccc(CN2c3nnnn3C3C(C2=O)C2(CCCC2)Cc2ccccc32)cc1;ML258;6.55250788703459
COC(=O)[C@@]12CCC(C)(C)C[C@@H]1[C@@H]1C(=O)C=C3[C@]4(C)C=C(C#N)C(=O)C(C)(C)[C@H]4CC[C@]3(C)[C@@]1(C)CC2;bardoxolone methyl;-0.368602943375598
CCC(O)(CC)\C=C\CC(C)C1=CC[C@@H]2[C@]1(C)CCC\C2=C/C=C1/C[C@@H](O)C[C@H](F)C1=C;elocalcitol;3.4091655513113324
CC1(C)CCC(C)(C)c2cc(ccc12)[C@@H](O)C(=O)Nc1ccc(cc1F)C(O)=O;BMS-270394;7.786136437783072
CC(C)N1C(\C=C\C(O)CC(O)CC(O)=O)C(c2ccccc12)c1ccc(F)cc1;fluvastatin;1.3454723665996355
COc1cc(CCc2cc(NC(=O)c3ccc(cc3)N3C[C@H](C)N[C@H](C)C3)n[nH]2)cc(OC)c1;AZD4547;2.7656899805486246
CC(C)C(=O)[C@@]12C(=O)C(CC=C(C)C)C(=O)C(CC=C(C)C)(C[C@H](CC=C(C)C)[C@@]1(C)CCC=C(C)C)C2=O;hyperforin;0.9349161959973198
O=C(Nc1nc2ccc(NC(=O)C34C[C@H]5C[C@H](C[C@H](C5)C3)C4)cc2s1)c1ccccc1;NVP-231;1.4915548717773834
OC(=O)CC[C@H]1CC[C@@](CC1)(c1cc(F)ccc1F)S(=O)(=O)c1ccc(Cl)cc1;MK-0752;0.0
CC(C)[C@H](O)C(=O)N[C@@H](C)C(=O)N[C@H]1c2ccccc2CCN(C)C1=O;semagacestat;-0.8397927609014301
COc1cc(Nc2cc(nc3cc(OCCCN4CCN(C)CC4)c(OC)cc23)C#N)c(Cl)cc1Cl;bosutinib;2.089639366656282
CC(=O)O[C@@]12CO[C@@H]1C[C@H](O)[C@]1(C)C2[C@H](OC(=O)c2ccccc2)[C@]2(O)C[C@H](OC(=O)[C@H](O)[C@@H](NC(=O)OC(C)(C)C)c3ccccc3)C(C)=C([C@@H](O)C1=O)C2(C)C;docetaxel;-6.223144429444478
COc1nc(N)nc2n(cnc12)[C@@H]1O[C@H](CO)[C@@H](O)[C@@H]1O;nelarabine;-0.3197921263700146
COc1cc(OC)c(\C=C\S(=O)(=O)Cc2ccc(OC)c(NCC(O)=O)c2)c(OC)c1;rigosertib;-0.6468362776966949
Clc1ccc(cc1)C1(CCNCC1)c1ccc(cc1)-c1cn[nH]c1;AT7867;4.054390246715068
OCC(O)CONC(=O)c1cc(Br)c(F)c(F)c1Nc1ccc(I)cc1F;PD318088;-2.565119371913174
C[C@H]1CN(CC(=O)Nc2ccc3Sc4c(Cc3c2)cccc4-c2cc(=O)cc(o2)N2CCOCC2)C[C@@H](C)O1;KU-60019;3.821222641101649
Cc1ccc(cc1)-n1nc(cc1NC(=O)Nc1ccc(OCCN2CCOCC2)c2ccccc12)C(C)(C)C;BIRB-796;7.792761720816526
O=C(N1CCNCC1)c1ccc(cc1)\C=C\c1n[nH]c2ccccc12;KW-2449;2.822568654544802
Cn1c(Nc2ccc(cc2)C(F)(F)F)nc2cc(Oc3ccnc(c3)-c3ncc([nH]3)C(F)(F)F)ccc12;RAF265;1.664872619322201
OC(=O)c1ccc2c(c1)nc(Nc1cccc(Cl)c1)c1ccncc21;silmitasertib;3.039749158970765
O=C(NCC#N)c1ccc(cc1)-c1ccnc(Nc2ccc(cc2)N2CCOCC2)n1;momelotinib;1.4537193374346795
CC[C@H](Nc1ncnc2[nH]cnc12)c1nc2cccc(F)c2c(=O)n1-c1ccccc1;CAL-101;6.631210950940812
CCC[C@H](NC(=O)C(=C\c1cccc(Br)n1)\C#N)c1ccccc1;WP1130;1.2158025560795132
COc1cccc2cc([nH]c12)-c1nc([C@H]2CC[C@@H](CC2)C(O)=O)n2ncnc(N)c12;OSI-027;0.4265740713183994
Fc1cc(cc(F)c1CN1CCOCC1)-c1cccc2ncc(nc12)-c1cnn(c1)C1CCNCC1;NVP-BSK805;2.413231613081109
COCCOc1cc2ncnc(Nc3cccc(c3)C#C)c2cc1OCCOC.CCCS(=O)(=O)Nc1ccc(F)c(C(=O)c2c[nH]c3ncc(cc23)-c2ccc(Cl)cc2)c1F;erlotinib:PLX-4032 (2:1 mol/mol);1.26779231703889
CC(=O)Nc1nc(C)c(s1)-c1ccc(Cl)c(c1)S(=O)(=O)NCCO;PIK-93;2.418588768750352
NC(=O)Nc1cc(sc1C(=O)N[C@H]1CCCNC1)-c1cccc(F)c1;AZD7762;0.7738050835773999
CC[C@H](NC(=O)[C@H](C)NC)C(=O)N1C[C@@H](O)C[C@H]1Cc1c([nH]c2cc(F)ccc12)-c1cc2c(C[C@@H]3C[C@H](O)CN3C(=O)[C@H](CC)NC(=O)[C@H](C)NC)cc(F)cc2[nH]1;birinapant;4.247065649239764
O=C(Cc1ccc(cn1)-c1ccc(OCCN2CCOCC2)cc1)NCc1ccccc1;KX2-391;2.8466520505398383
OC(=O)\C=C\c1ccc(c(Cl)c1)-c1ccc(O)c(c1)C12C[C@H]3C[C@H](C[C@H](C3)C1)C2;3-Cl-AHPC;2.8684669225081145
CC(C)C[C@H](NC(=O)[C@H](C)NC(=O)[C@H](CCCCN)NC(=O)[C@H](CCCNC(N)=N)NC(C)=O)C(=O)N[C@@H](CCC(O)=O)C(=O)N[C@@H]([C@@H](C)O)C(=O)N[C@@H](CC(C)C)C(=O)N[C@@H](CCCNC(N)=N)C(=O)N[C@@H](CCCNC(N)=N)C(=O)N[C@@H](C(C)C)C(=O)NCC(=O)N[C@@H](CC(O)=O)C(=O)N[C@@H](CCC(O)=O)C(=O)N[C@@H](C(C)C)C(=O)N[C@@]1(C)CCC\C=C/CCC[C@](C)(NC(=O)[C@H](Cc2cnc[nH]2)NC(=O)[C@H](CC(N)=O)NC(=O)[C@H](CCCNC(N)=N)NC1=O)C(=O)N[C@@H]([C@@H](C)O)C(=O)N[C@@H](C)C(=O)N[C@@H](Cc1ccccc1)C(N)=O;BRD-K58730230;1.5362218501028413
CC(C)CNc1ccnc(NCc2csc(n2)-c2ccccc2)n1;KHS101;3.032064202801381
CC(C)OC(=O)C1=CN(CC(C)(C)c2c1[nH]c1ccccc21)C(=O)c1ccc(F)c(F)c1;WAY-362450;10.320551796487644
ONC(=O)CCCCCCC(=O)Nc1ccccc1.Cc1sc-2c(c1C)C(=N[C@@H](CC(=O)OC(C)(C)C)c1nnc(C)n-21)c1ccc(Cl)cc1;JQ-1:vorinostat (2:1 mol/mol);0.0449733656427311
COc1cc2nccc(Oc3ccc(NC(=O)C4(CC4)C(=O)Nc4ccc(F)cc4)cc3)c2cc1OC;cabozantinib;1.7418686996145898
C[C@@H](Oc1cc(cnc1N)-c1cnn(c1)C1CCNCC1)c1c(Cl)ccc(F)c1Cl.CCCS(=O)(=O)Nc1ccc(F)c(C(=O)c2c[nH]c3ncc(cc23)-c2ccc(Cl)cc2)c1F;crizotinib:PLX-4032 (2:1 mol/mol);3.043569602968151
C[C@H](O)[C@@H]1[C@H](CO)ON(Cc2cccc(CN(CCN(C)C)[C@H](C3CCCCC3)c3ccccc3)c2)[C@@H]1C(=O)N[C@H]1C[C@H]2C[C@@H]([C@@H]1C)C2(C)C.C[C@H](O)[C@@H]1[C@H](CO)ON(Cc2cccc(CN(CCN(C)C)[C@@H](C3CCCCC3)c3ccccc3)c2)[C@@H]1C(=O)N[C@H]1C[C@H]2C[C@@H]([C@@H]1C)C2(C)C;BRD-M00053801;1.6661962462527091
COc1cc(cc(c1)C(F)(F)F)-c1ncn(\C=C/C(=O)OC(C)C)n1;KPT185;3.2031528644029645
C[C@H](\N=C(\NC#N)Nc1cccc2ncccc12)c1ccccc1;A-804598;11.497507212241848
CC1(C)CCC(CN2CCN(CC2)c2ccc(C(=O)NS(=O)(=O)c3ccc(NCC4CCOCC4)c(c3)[N+]([O-])=O)c(Oc3cnc4[nH]ccc4c3)c2)=C(C1)c1ccc(Cl)cc1;ABT-199;2.7093826463359885
COC(=O)\C=C\C(=O)N(O)CCCCNCc1ccc(COC(=O)Nc2cccc3ccccc23)cc1;methylstat;3.559055466277736
Cc1nc(NC(=O)N2CCC[C@H]2C(N)=O)sc1-c1ccnc(c1)C(C)(C)C(F)(F)F;BYL-719;4.009694032601592
Cc1nc2c(cc(cc2n1Cc1cccc(c1C)C(F)(F)F)N1CCOCC1)C(O)=O;GSK2636771;6.281892845227788
COc1ccc(cc1)-n1c(SCc2nc(no2)-c2ccc(C)cc2)nnc1-c1ccncc1;JW-74;4.431768726568696
COc1nccnc1NS(=O)(=O)c1ccc(NC(=O)\C=C\c2ccc(s2)[N+]([O-])=O)cc1;necrosulfonamide;2.6837575085331657
Clc1ccc-2c(c1)C(=O)c1nc(C#N)c(nc-21)C#N;HBX-41108;1.92672732963854
CCCCCCCCCC[C@H]1[C@H](CCc2ccc(OC)c(OC)c2)OC1=O;palmostatin B;10.433527395225925
CC1=NN(C(=O)C\1=N\Nc1ccccc1C(O)=O)c1nc(cs1)-c1ccccc1;BRD-K03536150;4.445118797839864
CCN(CC)c1ccc(cc1)C1=NNC(=O)C[C@H]1C;BRD-K99006945;10.79630492822464
O=C1NC(=O)[C@H]([C@@H]1c1c[nH]c2ccccc12)c1cn2CCCc3cccc1c23;tivantinib;5.963579343618446
CC(=O)Nc1cccc(c1)-n1c2c(C)c(=O)n(C)c(Nc3ccc(I)cc3F)c2c(=O)n(C2CC2)c1=O;trametinib;5.73204593992906
C[C@@H](NC(=O)c1ncnc(N)c1Cl)c1ncc(s1)C(=O)Nc1cc(c(Cl)cn1)C(F)(F)F;MLN2480;3.043569602968151
CC(C)n1ncc2c(cc(Br)cc12)C(=O)NCc1c(C)cc(C)[nH]c1=O;BRD-K51831558;5.285738584341177
CCn1c2nc(\C=C\c3ccc(OC)c(OC)c3)n(C)c2c(=O)n(CC)c1=O;istradefylline;3.046425387869509
CCCc1cc2c(ncnc2s1)N1CCN(CC1)C1=NCC(C)(C)S1;MI-2;6.122712083717655
CN1CC[C@H]([C@H](O)C1)c1c(O)cc(O)c2c1oc(cc2=O)-c1ccccc1Cl;alvocidib;-1.89979021344176
COC(=O)c1cc(CN2CCN(CC2)C(N)=N)cc(c1)C(=O)N1CCN(CC1)C(=O)c1ccc(cc1)C(N)=N;CBB-1007;-1.8991219875565544
CCOC(=O)CCNc1cc(nc(n1)-c1ccccn1)N1CCc2ccccc2CC1;GSK-J4;0.1535790879283005
Cc1ccc(cc1)C(NC(=O)c1ccccc1)c1ccc2cccnc2c1O;BRD-A86708339;-0.1170957718762472
CN(C)C[C@@H](NC(=O)N1Cc2c(Nc3nc(C)nc4ccsc34)n[nH]c2C1(C)C)c1ccccc1;PF-3758309;2.871868286331605
CC(C)(C)c1nc(c(s1)-c1ccnc(N)n1)-c1cccc(NS(=O)(=O)c2c(F)cccc2F)c1F;dabrafenib;3.8467375387295166
CC1(C)CCN(CC1)c1ccc(cc1)C(=O)NS(=O)(=O)c1ccc(NCCSc2ccccc2)c(c1)[N+]([O-])=O;SZ4TA2;7.226209010100671
OC[C@@H](O)COc1ccc2CCc3cc(Nc4ccc(F)cc4F)ccc3C(=O)c2c1;skepinone-L;3.980055415819973
COc1ccc(cc1)C#CC1=CCCN(C(=O)\C=C\c2cc(OC)c(OC)c(OC)c2)C1=O;BRD-K34222889;1.028189824371564
Nc1ncnc2n(nc(COc3cccc(Cl)c3)c12)C1CCOCC1;PF-4800567 hydrochloride;4.60816569496789
CC1O[C@@H](OCC2O[C@@H](O[C@H]3CC[C@@]4(C)C(CC[C@]5(C)C4CC=C4C6CC(C)(C)[C@H](C[C@@]6([C@H](O)C[C@@]54C)C(=O)O[C@@H]4OC(CO)[C@@H](O)[C@@H](O)[C@@H]4O[C@@H]4OC(C)[C@H](O[C@@H]5O[C@@H](CO)[C@H](O)[C@@H]5O)[C@@H](O[C@@H]5OC(CO)[C@@H](O)[C@@H](O)[C@@H]5O)[C@@H]4O)OC(=O)C(\CO)=C\CC[C@](C)(O[C@@H]4OC(C)[C@@H](OC(=O)C(\CO)=C\CCC(C)(O)C=C)[C@@H](O)[C@@H]4O)C=C)C3(C)C)[C@@H](NC(C)=O)[C@H](O)[C@@H]2O)[C@@H](O[C@@H]2OC[C@@H](O)[C@@H](O)[C@@H]2O)[C@H](O)[C@H]1O;avicin D;-1.3085928534560385
CC(C)(C)c1ccc2cc(C#N)c(cc2c1)C#N.CN1CCN(CC1)c1ccc(Nc2ncc3c(n2)n(-c2cccc(n2)C(C)(C)O)n(CC=C)c3=O)cc1;BRD9876:MK-1775 (4:1 mol/mol);3.833628938000134
Cc1c(sc(=O)n1C)-c1ccnc(Nc2ccc(cc2)N2CCNCC2)n1;BRD-K30748066;-0.0130852395486554
CC1(O)CC(C1)c2nc(c3ccc4ccc(nc4c3)c5ccccc5)c6c(N)nccn26;linsitinib;1.4407825464039603
CNC(C)C(=O)NC1CN(CCC2CCC(N2C1=O)C(=O)NC(c3ccccc3)c4ccccc4)C(=O)CC(C)C;AT-406;3.2786530289040616